"ID","timeout","settings.condition","myInitialChoice","myFinalChoice","otherID","otherInitialChoice","otherFinalChoice","detectedOther","isDetected","isOtherIn","experiment","batch","counterbalancing","translucency_level","translucency_direction","experimental_condition","cooperation_initial_N","cooperation_final_N","cooperation_initial_other","cooperation_final_other","translucency_change","prediction_other_cooperate","prediction_other_cooperate_explanation","reverse_prediction_themselves_cooperate","reverse_prediction_themselves_cooperate_explanation","prediction_other_cooperate_if_saw","prediction_other_cooperate_if_saw_explanation","understood_payoffs","did_they_know","did_they_know_explanation","why_other_choice","play_coop_again_same","play_coop_again_diff","experience_econ_num","experience_econ_str","name_game","know_name_game","gender_reported","gender_prolific","gender_match","age_reported","age_prolific","age_match","time_first_choice","time_in_translucency","time_waiting_for_results","time_total","feedback_comments"
1,"none","LSA7","A","A",69,"A","A",TRUE,FALSE,TRUE,2,1,0,0,1,2,1,1,1,1,0,0.31,"I think everyone is generally out to get themselves the most that they can",0.51,"People don't like to think the worst in other people, they like to think they are better than that",1,"because that gets them the most funds",TRUE,0.97,"Because they realised it made the most for both","Because it seemed fairest",0.99,0.02,1,"Never","Prisoner's Dilemma",1,"Female","Female",TRUE,35,35,TRUE,4.109255,0.346568333333335,605.79999999993,11.5268333333333,""
2,"none","LDB5","A","A",77,"B","A",FALSE,TRUE,TRUE,2,1,1,0,0,1,0,0,1,0,0,0.11,"You have the option to win more by choosing A",0.1,"I have more chance of earning more",0.36,"they would win 10p more",TRUE,0.7,"The knew I would go for the option to earn more","To have the option of earning more",0.11,0.21,2,"Once","I don't know",0,"Female","Female",TRUE,26,26,TRUE,0.867352249999992,0.0830233333333435,123.834999998566,10.6279333333333,"no"
3,"none","HDA0","B","B",117,"A","B",FALSE,TRUE,TRUE,2,1,0,1,0,3,0,0,1,0,0,0.9,"i belive it is beneficial to do so",0.47,"im not entirely sure which choice they think ive made",0.86,"i belive it will be beneficial for them to do so",TRUE,0.51,"im not sure to be honest","i felt they thought it was a good outcome for them",1,1,2,"Once","I don't know",0,"Male","Male",TRUE,38,38,TRUE,0.265568333336463,0.0472930000008395,74665.5749999918,12.5418166666667,"none thanks"
4,"results","HSB7","B","B",NA,"A","A",FALSE,TRUE,FALSE,2,1,1,1,1,4,1,1,0,0,0,0.74,"It gives us both the most amount of money. It is mutually beneficial.",0.71,"Again, it is mutually beneficial. We both would receive a good sum.",0.66,"They would want to be fair while receiving a decent amount of money.",TRUE,0.92,"It took them a long time to answer. They answered A.","They wanted to maximize their earnings.",0.24,0.63,3,"A few times","I don't know",0,"Male","Male",TRUE,40,40,TRUE,2.19568075,0.0616260000000087,240155.505000002,12.8316,"It took far too long for them to make their last choice. This made this experiment too long for the pay. Please consider giving out additional bonuses to account for this."
5,"results","HSB3","B","B",NA,"A","A",FALSE,FALSE,FALSE,2,1,1,1,1,4,1,1,0,0,0,0.67,"I think they chose B as they have the most to gain from it. ",0.85,"I have the most to gain from it",1,"Because they would receive a bigger amount of money",TRUE,0.88,"They got the best possible option ","To get the most bonus",0.8,0.87,2,"Once","Prisoner's Dilemma",1,"Female","Female",TRUE,25,25,TRUE,5.74348825000003,0.148623999999956,240028.465000003,17.55695,""
6,"results","HSB6","B","B",NA,"B","B",TRUE,TRUE,FALSE,2,1,1,1,1,4,1,1,1,1,0,0.8,"if the participant picks b they have  a great chance of winning more than 0.10",0.3,"i think the other participant is hoping i pick a so they will recieve 0.70",1,"they will still recieve a good bonus of 0.50",FALSE,0.28,"i think they would of picked b regardless of what i would of picked as they would of had a greater chance of winning more than 0.10","they had a better chance of winning more bonus",1,0.51,3,"A few times","Trust Game",0,"Male","Male",TRUE,39,39,TRUE,0.766780000001503,2.06645849999817,240038.335000165,23.8289833333333,""
7,"none","HSAN2","B","A",10,"B","B",TRUE,TRUE,TRUE,2,2,0,1,1,4,0,1,0,0,1,0.24,"choice B, I think its natural instinct",0.51,"i jhave no idea",0.82,"to ty and earn more money",TRUE,0.56,"im not sure at all","to earn most money",0.37,0.46,1,"Never","I don't know",0,"Female","Female",TRUE,26,26,TRUE,1.11465308333281,0.603345999998662,31.6449999809265,13.0585,"no"
8,"none","HDB1","B","B",126,"B","B",FALSE,FALSE,TRUE,2,1,1,1,0,3,1,1,1,1,0,0.32,"If they don't know, they might be likely to choose what is most likely to get them the most money.",0.46,"I really am not sure. Maybe A to play it safe.",0.24,"To earn the most",TRUE,0.37,"They may have chosen what would earn them more money if they knew.","For the most likely neutral result",0.69,0.68,2,"Once","I don't know",0,"Female","Female",TRUE,32,32,TRUE,1.89988108333345,0.0440219999999197,32905.9850000194,7.8435,"none"
9,"none","LDA1","B","B",108,"B","B",FALSE,FALSE,TRUE,2,1,0,0,0,1,0,0,0,0,0,0.5,"It is hard to guess, people can be very deceptive and selfish and they may not fully understand the ramification of their choice, people are often self serving, but might want to go for a common goal for fear of feeling bad.",0.5,"They do not know me personally, my motives or my current situation or desperation or lack there of, so they will not have any definitive measure and likely be on the fence, depends if they are someone that feels a sense of community or that they are always hard done by and others want it all for themselves.",0,"They will be annoyed I didn't choose A anyway and that if they chose A I would do better and they get less, so their only option to have more is choose B and also stop me getting more.",TRUE,0.25,"I think my experience is that there is a constant sense of greed and entitlement now, no honour or integrity and people blame everyone else for their problems and want special treatment, so they will just take everything they can get no regard for others.","They wanted as much as they could for themself as they are angry and bitter and think they are deserving without hard work and have no morals and want everything for thesmelf, bitter with society for their own insecurities and shortcomings.",0,0,1,"Never","I don't know",0,"Male","Male",TRUE,65,65,TRUE,0.499216666666667,0.0804666666666667,197812,16.58925,""
10,"none","HSAN2","B","B",7,"B","A",TRUE,TRUE,TRUE,2,2,0,1,1,4,0,0,0,1,0,0.39,"It would benefit them to choose option B more",0.38,"It would benefit them to choose option B more",0.28,"It would benefit them to choose option B more",TRUE,0.49,"I'm not sure","To earn more money",0.46,0.55,1,"Never","I don't know",0,"Female","Female",TRUE,36,36,TRUE,1.7741599166664,0.155732750000122,116621.209999983,16.4810833333333,""
11,"none","HSB4","B","B",103,"A","A",FALSE,TRUE,TRUE,2,1,1,1,1,4,1,1,0,0,0,1,"It is more fair of an outcome",1,"We both get a higher amount",1,"That is the most they can then earn",TRUE,0,"I believe it told me it would not be revealed","To earn more money",1,1,3,"A few times","I don't know",0,"Male","Male",TRUE,23,23,TRUE,2.03366341666667,0.0519357500000072,60183.8950000001,10.9049833333333,""
12,"none","LDAN1","A","A",26,"A","A",FALSE,FALSE,TRUE,2,2,0,0,0,1,1,1,1,1,0,0.72,"works out fair",0.73,"works out fair",0.67,"works out fair",TRUE,0.42,"i think we both chose the fair option A","i think we both chose the fair option A",0.74,0.78,1,"Never","I don't know",0,"Male","Male",TRUE,43,43,TRUE,4.90843558333338,0.0551003333331513,143374.745000008,13.0676833333333,""
13,"results","LSB0","B","B",91,"A","A",FALSE,TRUE,TRUE,2,1,1,0,1,2,1,1,0,0,0,0.81,"Both selecting option B gives the best reward for both of us",0.7,"If we both select option B then we both get equal amounts",0.3,"This would give them a larger reward",TRUE,0.65,"Might have changed their choice to receive the larger reward or may have just bet on getting the larger reward from the beginning","They get the largest reward",0.3,0.67,1,"Never","I don't know",0,"Female","Female",TRUE,26,26,TRUE,5.19792091666677,0.0621628333334228,240110.610000003,18.0495333333333,"no"
14,"none","LSB6","B","B",94,"B","B",FALSE,FALSE,TRUE,2,1,1,0,1,2,1,1,1,1,0,0.72,"I am hoping they will co-operate to make the highest overall profit.",0.72,"If the other person thinks I will co-operate then they will expect me to choose B to make the highest overall profit.",1,"They will see I want to co-operate and therefore should accept this.",TRUE,0.5,"They made the choice I expected them to make without knowing my choice, based on the optimal co-operation strategy.","They wanted us to receive the highest total amount possible by working together.",1,1,2,"Once","Prisoner's Dilemma",1,"Male","Male",TRUE,29,29,TRUE,0.29795,0.0862666666666667,102527,12.95985,"Thanks"
15,"none","LDB1","A","A",NA,"B","B",FALSE,FALSE,FALSE,2,1,1,0,0,1,0,0,1,1,0,0.25,"More winnings at stake",0.2,"more winnings at stake",0.74,"higher chance my choice will be revealed",FALSE,0.48,"cannot guarantee that we knew each others choices","trying to 'bluff' the game",0.49,0.48,1,"Never","I don't know",0,"Female","Female",TRUE,40,40,TRUE,1.62511875,0.0664536666666662,111560.25,14.9068833333333,"very interesting!"
16,"results","LSBN2","B","B",49,"B","B",FALSE,FALSE,TRUE,2,2,1,0,1,2,1,1,1,1,0,1,"It gives us both the best money.",1,"It gives me the best money.",0,"Gives them more money.",TRUE,0.5,"They may have detected it but not picked A because they are nice or just picked the option most likely to get them money.
","So that we both earn the most money.",1,1,1,"Never","I don't know",0,"Male","Male",TRUE,20,22,FALSE,5.642963,0.0672639166666757,240034.470000001,19.65115,"Time Consuming"
17,"none","LSA5","B","A",63,"A","A",TRUE,FALSE,TRUE,2,1,0,0,1,2,0,1,1,1,1,0.8,"I think they will think that I have chosen A ",0.9,"Because that is the most sensible choice for both parties",0,"Because they will get more reward",TRUE,0.01,"If they had they would of chosen B instead and took the greater reward","Because if we both choose A we share the reward equally",1,0.39,3,"A few times","Trust Game",0,"Male","Male",TRUE,50,50,TRUE,2.13046666666667,0.894716666666667,45,10.4797166666667,"no"
18,"none","LDA5","A","A",44,"A","A",FALSE,FALSE,TRUE,2,1,0,0,0,1,1,1,1,1,0,0.5,"i am not sure what choice the other participant will make",0.5,"they probably am not sure",0.52,"i dont know",TRUE,0.5,"i dont know","so that we would have a fair amount each ",1,1,1,"Never","I don't know",0,"Female","Female",TRUE,27,27,TRUE,1.02188966666775,0.0605235000005147,169883.404999971,20.3919166666667,""
19,"none","HSA2","A","B",107,"A","B",TRUE,TRUE,TRUE,2,1,0,1,1,4,1,0,1,0,1,0.64,"because it yields more money",0.77,"again because it yields more money",0.48,"i really dont knoiw",FALSE,0.97,"i feel like i was playing against a computer as we were both able to change","obviously to yield the most money but i feel as if it was fixed",0.96,0.95,1,"Never","I don't know",0,"Female","Female",TRUE,35,35,TRUE,1.09140950000049,0.397557749999882,121252.284999995,12.2514,"no all worked well"
20,"none","HDB2","B","A",87,"A","A",TRUE,FALSE,TRUE,2,1,1,1,0,3,1,0,0,0,1,0.63,"if they are sensible they will pick the choice that is better for both of us",0.53,"hopefully they will think logically",0.06,"they would want the most reward",TRUE,0.1,"i selected b so they shouldnt have seen it","i dont know",0.18,0.87,2,"Once","I don't know",0,"Female","Female",TRUE,42,42,TRUE,3.41659841666672,0.709807583333288,24.7850000014296,15.3098166666667,""
21,"results","HSB1","A","A",67,"A","A",TRUE,TRUE,TRUE,2,1,1,1,1,4,0,0,0,0,0,0.33,"option A seems the fairiest for both",0.39,"highest amount whatever the other person picks",0.34,"most money payout",TRUE,0.39,"not sure ","because it was the highest possible amount they could earn",0.89,0.73,3,"A few times","I don't know",0,"Female","Female",TRUE,25,25,TRUE,5.4139228333331,0.45964225000013,240898.970000009,17.7674,""
22,"none","HSA5","A","A",72,"A","B",TRUE,TRUE,TRUE,2,1,0,1,1,4,1,1,1,0,0,0.76,"I think we both want to be fair and make an even amount of money",0.81,"They think I am mostly likely to make the choice that is fair",0.97,"they will see I have chosen out of fairness and make the same decision",TRUE,0.84,"because they changed their answer","it's impossible to say why they made their choice, life is chaos.",0.94,0.97,1,"Never","I don't know",0,"Female","Female",TRUE,32,32,TRUE,0.258134499999383,1.0226432500019,21.9799997285008,13.38425,"The instructions were far too long and it wouldn't let me copy and paste my prolific id and prolific ids are very long and random so this is very annoying"
23,"instructions","HDAN1","A","A",56,"A","A",FALSE,FALSE,TRUE,2,2,0,1,0,3,1,1,1,1,0,0.55,"55% Choice A in order for both of us to get optimum amount.",0.6,"Because he will expect choice A is a safer haven than choice B",0.48,"I am not sure",FALSE,0.22,"Choosing option A is a win win situation for both of us","Because it is a safer option to choose",0.99,0.51,1,"Never","I don't know",0,"Female","Female",TRUE,33,33,TRUE,6.6079,0.955533333333333,161605,21.11475,"none"
24,"instructions","HDA2","B","B",109,"A","B",FALSE,TRUE,TRUE,2,1,0,1,0,3,0,0,1,0,0,0.72,"It was a random guess as i don't know the logic the other participant will use",0.32,"Another random guess",0.21,"It would maximise their income",TRUE,0.74,"I think they went A initially and changed to B to increase reward","To increase the reward they received",0.27,0.18,1,"Never","I don't know",0,"Male","Male",TRUE,55,55,TRUE,5.26213083333327,0.12481525000015,4222.53999998793,14.8111166666667,"No comment and no issues experienced"
25,"none","HDB7","B","B",110,"B","A",FALSE,TRUE,TRUE,2,1,1,1,0,3,1,1,1,0,0,0.68,"by choosing that one they would receive more in a bonus but im hoping they went for the choice that gave us both a bonus",0.49,"i dont know what they would think i chose propbably the one that would give me 70p",0.7,"it would give them a good bonus amount too",FALSE,0.2,"if they seen my choice they would of seen it would of gave us both a 50p bonus","so they could earn the highest bonus",0.5,0.49,2,"Once","I don't know",0,"Female","Female",TRUE,37,37,TRUE,0.681072333333335,0.0995600833333195,38.7649999974528,12.7445166666667,""
26,"none","LDAN1","A","A",12,"A","A",FALSE,FALSE,TRUE,2,2,0,0,0,1,1,1,1,1,0,0.62,"I think the participant may want to work as a team to earn the money for both of us, I hope!!",0.61,"I choose A so we can work as a team",0.18,"They will be better off if they choose B so they will probably choose this.",TRUE,0.7,"If they knew I chose A then they may have wanted to earn more and would have choosen B so they earn 70p instead of 50p","They wanted to be fair and give us both the best chance to winning a higher amount ",0.97,0.54,2,"Once","I don't know",0,"Female","Female",TRUE,26,27,TRUE,0.22282866666792,0.0779154999996535,22.5349999964237,14.7715833333333,"there is alot to take in, but I enjoyed the thrill."
27,"none","LDBN1","B","B",79,"A","A",FALSE,FALSE,TRUE,2,2,1,0,0,1,1,1,0,0,0,0.55,"I think some people would choose A and some would choose B, but slightly more would choose B because it is the fairer choice",0.45,"I think people would expect other people to choose the more selfish option",0.25,"I think they would choose A because it would benefit them more",TRUE,0,"Because it would only have been revealed to them if I chose A","Because it has the possibility of providing the highest gain for them",0,1,3,"A few times","Prisoner's Dilemma",1,"Female","Female",TRUE,23,23,TRUE,0.791244333338303,0.0584501666637758,34.3200000934303,11.8776833333333,""
28,"results","LSA1","A","A",86,"B","B",FALSE,FALSE,TRUE,2,1,0,0,1,2,1,1,0,0,0,0.74,"he would want to test the waters and ensure he has .50 before gambling going forward",0.32,"b so I can make 70 ",0.04,"he will make a higher earning than i do",TRUE,1,"it took him timre to answer","they saw my choice",0,0.01,1,"Never","I don't know",0,"Female","Female",TRUE,31,29,FALSE,0.311010666666667,0.149397083333344,240061.27,24.9921666666667,"no"
29,"none","HSA6","B","B",62,"B","B",FALSE,TRUE,TRUE,2,1,0,1,1,4,0,0,0,0,0,0.09,"B is potentially the most valuable reward, at least in first instance",0.09,"He will be just as eager as me to earn maximum remuneration.",0.77,"Option A is minimal loss to both players.",FALSE,0.72,"It could have been a random decision but I am suspicious of the nature of this experiment!","If they do indeed exist, I think their decision most likely was random.",0.76,0.78,1,"Never","I don't know",0,"Male","Male",TRUE,67,67,TRUE,0.299716916666755,0.0712142500002907,32.7050000196323,13.9180333333333,"None"
30,"none","HDB3","B","B",NA,"B","B",FALSE,FALSE,FALSE,2,1,1,1,0,3,1,1,1,1,0,0.38,"hoping to receive 0.70",0.53,"to receive 0.50",0.88,"to receive 0.50",TRUE,0.4,"it is guess work rather than based on something more concrete","to receive the maximum they could",0.95,0.95,3,"A few times","I don't know",0,"Female","Female",TRUE,52,52,TRUE,0.558490499999607,0.0833484999990712,79893.5700000729,17.2024166666667,""
31,"none","LDBN2","A","A",120,"B","B",FALSE,FALSE,TRUE,2,2,1,0,0,1,0,0,1,1,0,0,"It seems like the obvious choice",0,"Because it's obvious that it has an advantage",0.49,"Hard to say",FALSE,0.86,"They probably guessed","Maybe they thought it would result in a greater payout",0,0.49,3,"A few times","I don't know",0,"Male","Male",TRUE,33,33,TRUE,0.140773750000032,0.0711779166667838,78624.3299999915,13.6959666666667,""
32,"none","LSBN1","B","B",78,"B","B",FALSE,FALSE,TRUE,2,2,1,0,1,2,1,1,1,1,0,0.33,"They might try to see if they can get away with picking A first",0.22,"They probably think I'll try to betray them",0.11,"They get more out of it",TRUE,0.46,"I think they might have aimed for the greater reward between the two of us, but I'm not sure if they knew what choice I made","They wanted us both to receive a higher reward",1,0.92,2,"Once","Prisoner's Dilemma",1,"Male","Male",TRUE,21,21,TRUE,4.34513333333333,0.0458,103379,11.8563833333333,"I thought there were supposed to be 7 rounds"
33,"none","LDA2","A","A",76,"A","A",FALSE,FALSE,TRUE,2,1,0,0,0,1,1,1,1,1,0,1,"we both get a equal amount ",1,"they can trust me ",1,"equal reward ",TRUE,0.5,"no idea","equal reward",1,1,1,"Never","I don't know",0,"Male","Male",TRUE,40,40,TRUE,1.78975,0.0694333333333333,179832,13.7588333333333,""
34,"instructions","HSB2","B","B",114,"B","B",TRUE,FALSE,TRUE,2,1,1,1,1,4,1,1,1,1,0,0.67,"B is a safer choice since if we pick B we'll both get $0.50.",0.75,"By both choosing B we have the best odds of getting a larger amount of money.",0.2,"Because I picked B, if they see my choice they could switch theirs to A to gain an extra $0.20.",TRUE,0.4,"If they knew I picked B it would have been better for them to choose A.","They thought B was a safer choice with a lower risk overall since if we both picked B we would both get a fairly large sum of money.",0.9,0.75,1,"Never","I don't know",0,"Male","Male",TRUE,33,33,TRUE,6.02468333333333,0.698933333333333,220619,23.2635166666667,""
35,"results","LSB4","B","B",102,"B","B",FALSE,FALSE,TRUE,2,1,1,0,1,2,1,1,1,1,0,0.26,"more chance of winning",0.41,"higher payout",0.79,"they will receivem more",FALSE,0.73,"they would receive more","to receive a higher amount",0.9,0.9,1,"Never","I don't know",0,"Male","Male",TRUE,46,46,TRUE,5.41446166666667,0.0850883333333342,240060.7,16.4829833333333,""
36,"none","HDB3","B","B",36,"B","B",FALSE,FALSE,TRUE,2,1,1,1,0,3,1,1,1,1,0,0.69,"i saw that me clicking B would have a bigger impact",0.67,"no explanation",0,"they get more money",FALSE,0.14,"they couldve got more money pickinga","so they could be equal",0,0,4,"Often","Monopoly",0,"Female","Female",TRUE,23,23,TRUE,3.00324074999857,0.0560157500013398,59.3050000024959,19.9857333333333,"no"
37,"results","LSB3","A","A",NA,"A","A",FALSE,FALSE,FALSE,2,1,1,0,1,2,0,0,0,0,0,0.2,"There is only downsides to picking B, if you assume your opponent will pick A. And if they do actually pick B, then you get more money. ",0.3,"Some people may want to to split so that both people come out on top, but its likely that most would assume the other is picking A",0,"I chose A, so they should too.",TRUE,0.25,"Odds are they wouldn't see my choice, and I think most people would choose A regardless. ","Most likely choosing A results in a higher payout on average. ",0.15,0,3,"A few times","Prisoner's Dilemma",1,"Male","Male",TRUE,26,26,TRUE,5.37659974999648,0.113826583333624,240129.369999981,17.7549333333333,""
38,"results","HSB5","B","A",129,"A","A",TRUE,FALSE,TRUE,2,1,1,1,1,4,1,0,0,0,1,0.53,"I think they might choose B too,I think we might get more rewards for B",0.54,"They might think the same as me, obviously, I'm not sure",0.71,"They would maybe work out we would both get 0.50 each",FALSE,0.48,"I don't really know, probably not.","Maybe they thought this would give us both the best, most equal result.",0.21,0.85,1,"Never","I don't know",0,"Female","Female",TRUE,58,58,TRUE,5.42687216666667,1.19632125,240020.17,26.43175,"Only at the beginning, just had a problem cutting and pasting my id number 
in. Had to do it manually."
39,"none","HDA7","B","B",101,"A","B",FALSE,TRUE,TRUE,2,1,0,1,0,3,0,0,1,0,0,0.17,"Because i dont know the other participant and they dont know me, I think they will want the full amount just as I do.",0.08,"Again, same reasoning, we dont know eachother.",0,"Because they will want to get as much as possible knowing I havent chosen a",TRUE,0.57,"I think they either went for B straight away or detected my choice and changed their mind to B","Same as my reasoning, they wanted the top reward",0.45,0.23,1,"Never","I don't know",0,"Female","Female",TRUE,31,31,TRUE,0.332371583333332,0.119393333333331,23.3450000000303,9.36688333333333,"no, was very fun though!"
40,"none","LDA3","A","A",121,"A","A",FALSE,FALSE,TRUE,2,1,0,0,0,1,1,1,1,1,0,0.2,"It is quite obvious to go with A so they may decide to mix it up",0.57,"A is a quite straight choice and probably one most people will go with",0.15,"So they would then get 0.70p which is the highest value",TRUE,0.4,"I think they made a decision based on trying to the get the highest amount of bonus","They would either get 0.50p or 0.70p if I also went for A so they'd get a higher return",1,0.25,2,"Once","I don't know",0,"Male","Male",TRUE,25,25,TRUE,0.279900416667807,0.0590792499987098,29.3300000485033,16.0875666666667,""
41,"none","LDA4","A","A",41,"A","A",FALSE,FALSE,TRUE,2,1,0,0,0,1,1,1,1,1,0,0.52,"I was unsure what they would decide but was swaying a tiny bit more to A with me choosing it myself.",0.5,"It will be a 50/50 decision for them. But they may wonder whether I choose the same as them.",0.4,"I choose more B than A as I think that they would maybe want to go the opposite way",FALSE,0.5,"I don't think so. I think it was just chance that we both went for A.","They wanted us to get even winnings.",0.76,0.7,3,"A few times","I don't know",0,"Female","Female",TRUE,27,27,TRUE,2.83919999999925,0.0744166666641832,38.9999998733401,14.97735,""
42,"results","HSB6","B","B",42,"B","B",TRUE,TRUE,TRUE,2,1,1,1,1,4,1,1,1,1,0,0.91,"its the fair way that we both make the most money but the same ",0.72,"i think their thoughts will be the same as mine ",0.8,"its the best outcome for both of us",TRUE,0.21,"i think they did the decent thing ","so we both receive the maximum benefit fairly ",0.99,0.84,1,"Never","I don't know",0,"Female","Female",TRUE,53,53,TRUE,2.058666000003,0.222622499999125,240026.774999918,16.4221166666667,"no"
43,"none","LSAN1","A","A",88,"A","A",FALSE,FALSE,TRUE,2,2,0,0,1,2,1,1,1,1,0,0.5,"I don't know",0.5,"They don't know",0.5,"I don't know",TRUE,0.5,"I don't know","Both of us choosing A is the mutually beneficial choice.",1,1,3,"A few times","Prisoner's Dilemma",1,"Male","Male",TRUE,40,40,TRUE,0.333283333333333,0.0633,13189,8.48873333333333,""
44,"none","LDA5","A","A",18,"A","A",FALSE,FALSE,TRUE,2,1,0,0,0,1,1,1,1,1,0,0.86,"because its a better outcome for both of us",0.88,"same as before hopefully",0.52,"not sure, hopefully they would not change it",TRUE,0.06,"They may have changed their option if they did to get more money","so that it was fair and we both got the same",1,1,2,"Once","I don't know",0,"Female","Female",TRUE,45,45,TRUE,0.276257666668002,0.408717749999293,27.4050000589341,20.3406333333333,""
45,"none","LDB6","B","B",NA,"B","B",FALSE,FALSE,FALSE,2,1,1,0,0,1,1,1,1,1,0,0.8,"I think that they would be fair enough to not take the majority of the earnings themself ",0.85,"I think that they would expect the other participant to be fair when making their choice",1,"I think they would want to be fair ",TRUE,0,"Because I didn't choose option A so they would not have seen my choice","I think they wanted to be fair and not risk the chance of losing some of their earnings",1,1,1,"Never","I don't know",0,"Female","Female",TRUE,20,20,TRUE,0.439530083333375,0.104273749999993,38.349999998929,12.4274833333333,"It was an interesting experiment and happy to be given the opportunity to participate"
46,"results","HSA4","A","A",64,"A","A",TRUE,FALSE,TRUE,2,1,0,1,1,4,1,1,1,1,0,0.72,"because it is the fairest option and both participants can win the same amount",0.75,"it is what I would expect them to think I chose if they were thinking like me",0.48,"If they were not playing fair they might choose B to earn the highest amount",TRUE,0.2,"because I was told that they would not know","because they think like me and chose the fairer option",0.74,0.78,2,"Once","I don't know",0,"Female","Female",TRUE,64,64,TRUE,0.219916666666667,0.589933333333333,240036,19.3389,""
47,"none","HDA1","B","B",47,"A","A",FALSE,FALSE,TRUE,2,1,0,1,0,3,0,0,1,1,0,0.36,"they will choose the option which allows them to win the most money",0.47,"they would hope i chose option a so they could maximise their winings",0.31,"we would then both receive the same amount",TRUE,0.03,"they would have chose option b to reduce the amount i could earn","they were hoping if we both chose option a we would both receive a fair bonus",0.31,0.29,2,"Once","I don't know",0,"Female","Female",TRUE,39,39,TRUE,0.408200249999452,0.0933351666666567,40.2950001880527,12.50905,""
48,"none","LSB5","B","B",127,"B","B",FALSE,FALSE,TRUE,2,1,1,0,1,2,1,1,1,1,0,0.93,"Other participant likely to assume I will choose less likely choice in order to get the highest return.",0.24,"Other participant likely to be influenced by first choice & may assume choosing the opposite is also less likely and what I may do.",0.33,"Higher return on A.",FALSE,0.91,"Picking B provides both parties highest return.","They made this choice to get highest return.",0.84,0.87,1,"Never","I don't know",0,"Male","Male",TRUE,32,32,TRUE,0.512859666666675,0.123090416666916,209.035000007134,16.5267333333333,""
49,"results","LSBN2","B","B",16,"B","B",FALSE,FALSE,TRUE,2,2,1,0,1,2,1,1,1,1,0,0.9,"B becuase if they are a good person they will want to split the pot and if they chose A then they will steal from the pot",0.73,"h",0.09,"They could optimise their earnings

",TRUE,0.25,"if they had seen the choice then they would have chosen A and got the bigger payment","They realised aswell that BB would give the highest fairest pay out",1,1,1,"Never","I don't know",0,"Female","Female",TRUE,1848,42,FALSE,1.6770837499993,4.0156886666664,240092.014999944,29.89185,"42"
50,"instructions","HDB4","B","B",NA,"B","A",FALSE,FALSE,FALSE,2,1,1,1,0,3,1,1,1,0,0,0.55,"We both stand to make the most amount of money",0.52,"We both stand to make the most amount of money",0.17,"So they can maximize their money",FALSE,0.84," They gambled that they could get the highest reward","They wanted the highest reward",0.75,0.76,2,"Once","I don't know",0,"Female","Female",TRUE,27,27,TRUE,5.14594808333398,0.105697833335337,154.559999937192,12.2763,""
51,"results","HSA0","A","A",NA,"A","A",TRUE,FALSE,FALSE,2,1,0,1,1,4,1,1,1,1,0,0.86,"i am hoping they want to share 50p each",0.49,"I don't know what they would be thinking",0.4,"not any easy decision I dont know anything about them ",TRUE,0.02,"i think they just hoped I would pick option A","they thought how I did and wanted t split the money ",0.99,1,3,"A few times","I don't know",0,"Female","Female",TRUE,32,32,TRUE,5.77650291666667,0.302104166666663,240039.62,27.1011333333333,"no comment"
52,"none","LDB3","A","A",53,"A","A",FALSE,FALSE,TRUE,2,1,1,0,0,1,0,0,0,0,0,0.3,"I think we will both choose A to increase our chances of getting more bonus",0.6,"I think they might be assuming I'm going for money in the bonus",1,"As this would give them the 70p bonus",TRUE,0,"I think we both went for A by default guessing thats what the other would do","I think they assumed the other participant had chosen A as well and went for a more safe bet regarding the bonus",1,1,1,"Never","I don't know",0,"Male","Male",TRUE,28,28,TRUE,5.31153008333252,0.0838835833283762,186529.380000196,18.4916666666667,""
53,"none","LDB3","A","A",52,"A","A",FALSE,FALSE,TRUE,2,1,1,0,0,1,0,0,0,0,0,0.27,"I think that option A is one that will benefit one the most,but only if the option is not revealed to the other player.It is a risk to take.",0.19,"If we both choose option A we will get 20 pence each.If I choose option A and other person B,I will get a higher reward so option A would be appealing to take.",0,"We would both get 20 pernce if we both choose A.The option B would mean I would get 70 pence if he or she chose B.",TRUE,0.91,"There would be less money if the other person chose B,so I think the other person may have seen what I chose on the random stage.","They may have seen what I chose in the random result stage,another reason is that we would still get equal pay if we both chose the same option of A.",0.9,0.96,2,"Once","I don't know",0,"Male","Male",TRUE,40,40,TRUE,1.2835,0.289316666666667,15,20.6298,"All went well."
54,"results","LDB7","B","B",NA,"A","A",FALSE,FALSE,FALSE,2,1,1,0,0,1,1,1,0,0,0,0.34,"The person would get more mmoney if they chose A",0.5,"I'm unsure",0.23,"because we would both get at least 20p",FALSE,0.02,"They wouldn't know my chouse as I selected b","SO they could get more money",0.04,0.96,3,"A few times","I don't know",0,"Female","Female",TRUE,33,33,TRUE,5.38392899999998,0.098478249999972,240014.274999994,19.3777,"no"
55,"results","HSB0","B","A",84,"B","A",TRUE,TRUE,TRUE,2,1,1,1,1,4,1,0,1,0,1,0.66,"random guess",0.34,"random guess and firstoption",0.66,"try to obtain bigger payout",FALSE,0.01,"think itwas fist selecation as a is natrual choice ","following sequesnce of alphabet",0.66,0.78,1,"Never","I don't know",0,"Male","Male",TRUE,49,49,TRUE,0.300841749999867,0.382474750000013,240024.135,29.9728666666667,""
56,"none","HDAN1","A","A",23,"A","A",FALSE,FALSE,TRUE,2,2,0,1,0,3,1,1,1,1,0,0.62,"It is in both our benefit to consistently play A, and we are testing the waters to if the other person is greedy. Best to set a good precedent otherwise I would swap to B.",0.65,"As before, it makes sense to choose A consistently to have the most money given out (albeit between two of us).",0.69,"Banking on the other person not being greedy, to me it makes the most sense to get the most money from the system. To do this, I therefore think the other person would do what I would do - A.",TRUE,0.22,"I dont think they are greedy and see the practicality of exploiting the system for it's most mamount of money over personal gain.","I imagine they are not greedy or exploitive of others, hence they made the pragmatic choice of A - giving both of us .50",0.86,0.75,3,"A few times","Prisoner's Dilemma",1,"Male","Male",TRUE,27,27,TRUE,0.138066583333421,0.0924022500000622,24.7050000034506,10.2768,""
57,"results","LDB4","A","A",NA,"A","A",FALSE,FALSE,FALSE,2,1,1,0,0,1,0,0,0,0,0,0.21,"SO THEY CAN GET .20 INSTEAD OF .10",0.72,"CAUSE I WOULD GET MORE OUT OF MY CHOICE",0.28,"SO WE WOULD GET THE SAME AMOUNT",FALSE,0.67,"IM SURE THEY WANT IT SO WE WOULD ALL GET THE SAME AMOUNT FAIRLY","SO WE CAN BOTH GET EQUAL AMOUNTS",0.66,0.38,3,"A few times","Trust Game",0,"Male","Male",TRUE,39,39,TRUE,0.399166666666667,0.06955,240140,14.1401,""
58,"none","LSB7","B","B",119,"B","B",FALSE,TRUE,TRUE,2,1,1,0,1,2,1,1,1,1,0,0.82,"So I make a higher amount.
The other player will also make a higher amount.",0.73,"The other particiapant will probably think I want the higher amount.
B",0.8,"Why not. No good reason.",TRUE,0.24,"It would spoil the game.","So we both win a lot.",0.8,0.81,1,"Never","I don't know",0,"Female","Female",TRUE,65,65,TRUE,4.15051666666667,0.117833333333333,56,23.5163833333333,""
59,"none","HDAN2","A","A",NA,"A","A",FALSE,FALSE,FALSE,2,2,0,1,0,3,1,1,1,1,0,0,"i feel like that's a good choice",1,"it makes the most sense",0,"because they get the most.",FALSE,1,"because they changed their answer from what was the highest amount for them","because it wasn't a real person I played against and instead was a computer player.",0.79,1,5,"Very Often","I don't know",0,"Male","Male",TRUE,38,38,TRUE,1.01436833333331,0.0709113333330607,115.55000001681,13.4042166666667,"I prefer when studies are upfront about the fact that the other player is not real and is instead AI."
60,"results","HDB5","A","B",118,"A","A",TRUE,TRUE,TRUE,2,1,1,1,0,3,0,1,0,0,1,0.6,"i am just guessing ",0.49,"i don't know, ",0.98,"they would receive more money",TRUE,0.97,"it said they saw it ","so they would receive more money",1,0.54,2,"Once","I don't know",0,"Female","Female",TRUE,29,29,TRUE,5.63542791666672,0.355865583333313,240035.799999998,18.6218,""
61,"none","HSAN1","A","A",71,"A","A",TRUE,TRUE,TRUE,2,2,0,1,1,4,1,1,1,1,0,1,"I believe someone using Prolific to make money would be fair in their choices as they are up against someone on the same boat as them",0.5,"I chose 'I don't know' because I do not know how this person thinks about things",1,"Once again, I believe that they would like to be fair because we are on the same boat
",TRUE,0.25,"The chances are high, but I am just basing it off my intuition that it wasn't. ","I think that they want us both to achieve a fair sum of money because we are both trying to make money from doing studies at home which is not the best source of income. So they probably have an understanding of how it is",1,1,1,"Never","I don't know",0,"Male","Male",TRUE,18,18,TRUE,0.66019849999963,0.197946999998142,51283.9699999895,9.5818,""
62,"none","HSA6","B","B",29,"B","B",TRUE,FALSE,TRUE,2,1,0,1,1,4,0,0,0,0,0,0.3,"people tend to go for higher amounts to benefit from it.",0.14,"people go for higher amounts.",0,"so that they can get more money and do not lose out",TRUE,0.92,"people are greedy and always tend to go for the highest amount","they wanted the money",0.48,0,3,"A few times","I don't know",0,"Female","Female",TRUE,23,23,TRUE,2.78108675,0.415155500000002,155757.1,13.8646333333333,"none."
63,"none","LSA5","A","A",17,"B","A",FALSE,TRUE,TRUE,2,1,0,0,1,2,1,1,0,1,0,0.5,"Impossible to determine without previous results to go by, unless you come into this with preconceptions.",0.4,"I think others may think that most people are selfish enough to take more money for themselves.",0.65,"I think they'll see I've played fair and will likely mimic that.",TRUE,0.5,"I couldn't possibly have any idea of that. I think it's just as likely they could have changed their mind after detecting my choice.","If they changed there mind then it's because they mimic'd fairness as they appreciated the sentiment. If not, they just felt it was easier to follow the rules that benefited both, like I did.",1,1,3,"A few times","I don't know",0,"Male","Male",TRUE,27,27,TRUE,0.78941049999994,0.0940424999999475,105134.245000001,11.5208666666667,""
64,"results","HSA4","A","A",46,"A","A",FALSE,TRUE,TRUE,2,1,0,1,1,4,1,1,1,1,0,0.73,"Most amount of people equally",0.75,"Most amount of money equally",0.34,"they might see me going for A a lot more than B",TRUE,0.73,"It makes sense for the most award available as well as there being a question asking which provides us the most amount in total","Most amount for us both",1,0.83,3,"A few times","Prisoner's Dilemma",1,"Male","Male",TRUE,21,21,TRUE,1.53204166666668,0.550941416666682,240019.185000001,15.1899166666667,"None"
65,"results","LSA0","B","B",122,"B","B",FALSE,FALSE,TRUE,2,1,0,0,1,2,0,0,0,0,0,0.14,"They will earn more money by chosing B (70p/20p whereas if they choose a the most they'll win is 50p)",0.13,"because i've got the chance of winning 70p",0.48," i dont know",TRUE,0.01,"because if they saw mine then they would have changed to A so they earnt 70p not 20p","it got them 20p rather than 10p.

(i misread so please disregard my last response - i would have expected them to change to/stay with b)",0.99,0.5,1,"Never","Trust Game",0,"Female","Female",TRUE,34,34,TRUE,5.61195633333022,0.0840400833326082,240099.644999951,19.1383833333333,"some of the pages were slow to load - had to wait for the other participant"
66,"instructions","HSA1","A","A",93,"A","A",TRUE,TRUE,TRUE,2,1,0,1,1,4,1,1,1,1,0,0.96,"I think they would pick A as then they would receive more money.",0.14,"They might think I am greedy and wanted more money so chose B.",0.96,"Then we would both receive the same amount of bonus.",TRUE,0.82,"I think most people doing this would pick option A so that they and the other person both receive the same bonus.","SO that both myself and them would recieve a higher bonus.",1,1,1,"Never","I don't know",0,"Female","Female",TRUE,26,26,TRUE,5.21801108333332,0.289922750000005,104241.21,20.7306,"I found this quite enjoyable"
67,"results","HSB1","A","B",21,"A","A",TRUE,TRUE,TRUE,2,1,1,1,1,4,0,1,0,0,1,0.2,"Will make the choice with the highest profit for them. ",0.2,"I think they will suspect that I will go for the most profitable option",0.1,"Guess",FALSE,0.51,"yes","not really sure of why",0.51,0.46,2,"Once","I don't know",0,"Female","Female",TRUE,26,26,TRUE,0.505795500000143,0.921507916666937,240146.105000022,18.05165,""
68,"none","HSA7","A","A",75,"A","A",TRUE,FALSE,TRUE,2,1,0,1,1,4,1,1,1,1,0,0.73,"I like to think they will also pick A to fairly share the winning.",0.78,"Again i like to think they are being fair and willing to split the winning",0.92,"Thery would know i am going 50/50 with them",FALSE,0.85,"They went for a split rather then earning more by forcing me to earn less.","They were fair and know they stand to collect 50%",0.87,0.3,2,"Once","Money Game",0,"Female","Male",FALSE,49,49,TRUE,1.75443333333333,0.24755,18,18.6797833333333,"Enjoyable study, i especially enjoyed seeing how fair i would be given the choice to take more money then my opponent."
69,"none","LSA7","A","A",1,"A","A",FALSE,TRUE,TRUE,2,1,0,0,1,2,1,1,1,1,0,1,"Possibility of earning the most money",1,"Possibility of earning the most money",1,"Possibility of earning the most money",TRUE,1,"Possibility of earning the most money","Possibility of earning the most money",1,1,1,"Never","I don't know",0,"Female","Female",TRUE,61,61,TRUE,0.793833333333333,0.0822666666666667,29,11.9298666666667,"No issues. Thank you."
70,"none","HDA3","B","B",NA,"A","B",FALSE,TRUE,FALSE,2,1,0,1,0,3,0,0,1,0,0,0.5,"im not sure what choice they made",0.38,"im not sure what they think i choose",0.13,"to get a better bonus",TRUE,0.65,"dont think so becuase we got a low bonus","so that they can get a higher bonus",0.92,0.24,1,"Never","I don't know",0,"Female","Female",TRUE,23,23,TRUE,0.575217083333215,0.151609833332865,24.7700000181794,15.6596833333333,"no"
71,"none","HSAN1","A","A",61,"A","A",TRUE,TRUE,TRUE,2,2,0,1,1,4,1,1,1,1,0,1,"I think they will have read the questions properly too",1,"They will assume I read the questions properly too",1,"Why not?",TRUE,1,"I think this is setup to test people's morality and integrity, and possibly their greed","I think everyone's first choice would be to go for option A, that gives both participants the best opportunity to gain the most amount of money, without stealing from the other",1,1,1,"Never","Prisoner's Dilemma",1,"Male","Male",TRUE,28,28,TRUE,0.888111333333412,0.410858666666657,24.6449999976903,10.5405666666667,""
72,"none","HSA5","A","B",22,"A","A",TRUE,TRUE,TRUE,2,1,0,1,1,4,1,0,1,1,1,0.28,"Has fairer odds.",0.73,"to gain more.",0.5,"not sure",FALSE,0.5,"Note sure","Better odds if we chose the same option.",0.25,0.25,1,"Never","I don't know",0,"Female","Female",TRUE,22,22,TRUE,4.56295458333333,0.0913754999996552,76647.639999981,14.6164833333333,""
73,"none","HDA6","A","A",NA,"A","B",FALSE,TRUE,FALSE,2,1,0,1,0,3,1,1,1,0,0,0.85,"I think most people want to be fair and choosing A means we will both get an equal amount",0.87,"For the same reason I did. That we will both get an equal amount.",0.88,"So hopefully it will be fair",TRUE,0.86,"Because they choose to give me less ","So they would get the most benefit",0,0,2,"Once","I don't know",0,"Male","Male",TRUE,36,36,TRUE,0.809883249999985,0.0904350833333097,277.470000000903,17.8315166666667,"No"
74,"none","HDB6","B","B",92,"B","B",FALSE,FALSE,TRUE,2,1,1,1,0,3,1,1,1,1,0,0.5,"I really have no way of knowing what the other person is thinking",0.5,"I think both options are possible so again, I'm not sure, without knowing anything about the other person, what they are thinking",0,"Since I chose B, they would get more money if they chose A",TRUE,0.01,"It said that my choice was not revealed to them and I don't think they would change their choice to A without knowing what I chose","I think they chose B because it is the best way for both participants to get the maximum amount of money equally if the other person also chooses B. ",1,1,1,"Never","I don't know",0,"Female","Female",TRUE,45,45,TRUE,0.895662833331153,0.117554666668487,122.585000004619,19.5454666666667,"It was a very interesting experiment"
75,"none","HSA7","A","A",68,"A","A",FALSE,TRUE,TRUE,2,1,0,1,1,4,1,1,1,1,0,0.34,"because it is more likely he/she will pick the opposite 
",0.61,"because they may also think that i did the opposite",1,"because we then each get 50p",TRUE,0.49,"becasue they may have just guessed
","because he knew that he could probably get 50p
",0.81,0.78,3,"A few times","I don't know",0,"Female","Female",TRUE,24,24,TRUE,0.246445000000008,0.20045200000001,7885.95499999984,17.4489,""
76,"none","LDA2","A","A",33,"A","A",FALSE,FALSE,TRUE,2,1,0,0,0,1,1,1,1,1,0,0.5,"Not sure what motivation the other participant will have",0.5,"Not sure what they would be thinking",0.25,"Opportunity to have a bigger reward",TRUE,0.5,"Not sure if participant saw it","Greater win-win choice",1,1,3,"A few times","Prisoner's Dilemma",1,"Male","Male",TRUE,48,48,TRUE,1.62396350000054,0.128252666666716,24.875000002794,14.8922166666667,"None"
77,"none","LDB5","B","A",2,"A","A",TRUE,FALSE,TRUE,2,1,1,0,0,1,1,0,0,0,1,0.6,"So we can both share the highest shareable amount",0.5,"Could either be selfish or selfless",0.2,"Because it allows them to get more",TRUE,0.3,"Because I chose B originally meaning it wouldn't of told them","Because they wanted all of the money",0.2,0.8,1,"Never","Prisoner's Dilemma",1,"Male","Male",TRUE,19,19,TRUE,2.00662575,0.591042583333425,80544.8200000101,10.5191833333333,""
78,"none","LSBN1","B","B",32,"B","B",FALSE,FALSE,TRUE,2,2,1,0,1,2,1,1,1,1,0,0.73,"If both of us press B, we will both get .50 which is fair.",0.77,"I'm hoping they'll have both of our best interests in mind and select the option that will benefit us both equally.",0.18,"They would get more money if they switched their answer.",FALSE,0.93,"I think they detected my choice and saw that we both picked B and figured that was fair.","They could've switched their answer but they didn't, they might've been able to earn more money by changing their answer. But I think they know .50 is a good middle ground for both people.",1,1,1,"Never","Monopoly",0,"Female","Female",TRUE,22,22,TRUE,0.375840666666667,0.051370749999996,114.70000000007,12.4672666666667,"No issues, good study and clear instructions."
79,"none","LDBN1","A","A",27,"B","B",FALSE,FALSE,TRUE,2,2,1,0,0,1,0,0,1,1,0,0.2,"i assumed they were rational and the additional upside of 50p difference was greater than the downside of 10p difference,so one would naturally always defect.",0.2,"again, the same reasoning. the 50p difference in potential upside outweighs the 10p difference in downside so the risk is worth it.",0,"I chose A, so if my partner sees this, he will get more money from also chosing a",TRUE,0,"if they detected my choice, they should have swapped as they would earn more money.","the collective amount was greater, and was 50p is a pretty insignificant amount in the grand scheme of things so being nice may be in their nature.",0,0,5,"Very Often","Prisoner's Dilemma",1,"Male","Male",TRUE,19,19,TRUE,3.24361666666667,0.0629333333333333,33370,11.7722666666667,"N/A"
80,"results","HDB0","A","A",NA,"B","B",FALSE,FALSE,FALSE,2,1,1,1,0,3,0,0,1,1,0,0.92,"B, because He might think I'll go B.",0.95,"B so we both get 50p",0.02,"So he gets 20p instead of 10p",TRUE,0.04,"Because he would have chosen A to get a better reward.","He though we would both put B",0.95,0.96,1,"Never","I don't know",0,"Male","Male",TRUE,21,21,TRUE,5.39392333333332,0.144405000000067,240074.500000002,18.4719,"Nice game."
81,"none","LDA4","A","A",81,"A","A",FALSE,FALSE,TRUE,2,1,0,0,0,1,1,1,1,1,0,0.14,"choice a",0.88,"option b",0.17,"option b",TRUE,0.02,"hard to say","it gives a high reward for both of us",1,1,1,"Never","I don't know",0,"Male","Male",TRUE,30,30,TRUE,0.09285,0.0758166666666667,122203,14.6499333333333,""
82,"none","LDB1","B","B",82,"A","A",FALSE,FALSE,TRUE,2,1,1,0,0,1,1,1,0,0,0,0.5,"As this is someone I do not know, I do not like to second guess what they might do. not for such small rewards",0.23,"Better pay out",0,"best option for payout",TRUE,0.01,"The computer said my chice was not revealed","because they were trying to maximise the money they could earn",0,0,3,"A few times","I don't know",0,"Male","Male",TRUE,58,58,TRUE,0.528227250000055,0.107401249999869,35.2750000020023,13.64795,"no issues, interesting "
83,"results","LSA4","B","B",NA,"B","B",TRUE,FALSE,FALSE,2,1,0,0,1,2,0,0,0,0,0,0.22,"Since there is nothing to guarantee that I will choose option A, choosing option B will be the most beneficial choice.",0.2,"Like me, he probably thinks I chose option B since he is not guaranteed to choose A and therefore choosing B is minimizing the loss.",0,"I am already choosing B, if they know I chose B, they would definitely choose B to get the 0.20 bonus.",TRUE,0.4,"I don't think he knew because there is only a 20% chance that the computer will reveal my choice to him. Statistically speaking, it is unlikely that he knew.","Because in case I chose A, they will have the most bonus and in case I chose B, they will at least have a 0.20 bonus, not a 0.10 if they decided to choose A.",0.15,0.12,1,"Never","I don't know",0,"Male","Male",TRUE,19,19,TRUE,5.42621666666667,0.60105,240132,24.46215,""
84,"results","HSB0","B","A",55,"A","A",TRUE,FALSE,TRUE,2,1,1,1,1,4,1,0,0,0,1,0.83,"I just have a feeling, no logic",0.5,"Went with my instinct",0,"They would get more money",TRUE,0.64,"I chose B and so if they then chose A they would get 70p","In order to get the higher bonus",1,0.67,1,"Never","I don't know",0,"Female","Female",TRUE,25,25,TRUE,5.15814591666762,0.42074933333012,240022.025000071,17.80935,""
85,"none","LSA6","A","A",125,"A","A",FALSE,FALSE,TRUE,2,1,0,0,1,2,1,1,1,1,0,0.33,"I don't know their motives or the kind of person they are, so I have no idea what option they'd choose",0.63,"I'm not sure, possibly the same thing, but as I said for the previous answer, I don't know their motives so it's difficult to judge",0.8,"I like to think they want to play on equal grounds but I can't be completely sure",TRUE,0.7,"Possibly, but I can't know for certain","Possibly because they want to play a fair game or they hoped to earn more if I didn't play fair ",1,1,2,"Once","I don't know",0,"Female","Female",TRUE,23,23,TRUE,3.49398341666667,0.074635083333335,25.0200000000186,13.4127333333333,""
86,"results","LSA1","B","B",28,"B","B",FALSE,FALSE,TRUE,2,1,0,0,1,2,0,0,0,0,0,0.3,"More reward with choosing option B",0.7,"There is a good reward if both players choose option A",0,"Because they will make a little more money than if they chose option A",TRUE,0.73,"I chose B, and if they knew than the obvious choice would be to also choose option B","If I choose option B, then the player choosing option B would make them the most bonus.",0,0,3,"A few times","I don't know",0,"Male","Male",TRUE,31,38,FALSE,5.56246374999998,0.11496633333348,240112.584999995,17.1954833333333,""
87,"none","HDB2","A","A",20,"B","A",FALSE,TRUE,TRUE,2,1,1,1,0,3,0,0,1,0,0,0.67,"Most ppl will tend to pick the safe option for both parties to benefit.  But the correct way to play this game is to pick option A, based on odds.  It's the Golden Ball game...i forgot exactly what this study is called.",0.93,"Most ppl think ppl will choose an option good for both parties.  **i should have picked B due to the 80% chance of my option being revealed...i didnt take that into account..oh well :(",1,"They wil see my greed and decide to take the most benefical to them at that point.",TRUE,0,"Because they would've changed to B - more money for them lol.","Best benefit to them.  ",1,1,1,"Never","Prisoner's Dilemma",1,"Male","Male",TRUE,40,40,TRUE,0.101514666666677,0.0411725833333388,60498.4300000005,18.5263833333333,"cool game, enjoyed thoroughly.  take out the 80% part though lol."
88,"none","LSAN1","A","A",43,"A","A",FALSE,FALSE,TRUE,2,2,0,0,1,2,1,1,1,1,0,0.6,"same reasoning as me...go for middle ground",0.66,"seems safest option",0.69,"both receive <U+00A3>0.50",FALSE,0.47,"i wasn't sure","it gives best chance of getting average amount of money as bonus",0.96,0.97,2,"Once","I don't know",0,"Female","Female",TRUE,62,62,TRUE,1.67773924999977,0.0690478333335098,75.2999999967869,11.6965,"no"
89,"instructions","LSB2","B","A",NA,"A","A",TRUE,FALSE,FALSE,2,1,1,0,1,2,1,0,0,0,1,0.63,"I think us both choosing option B is the fairest way for us to both do well, but I can't know how interested the other person is in being fair.",0.62,"This depends on how much they trust in other people's inherent fairness.  I think some people are less trusting than me. ",0.64,"I would like to think once they see my choice, it would make sense for them to also choose B, where we both get the same amount. Choosing A would only give them 20p more, but would mean I would be down 30p. I would like to think the other person would act similarly to me. ",TRUE,0.57,"I think they may have done, as by choosing A after I chose B they could maximise what they earned.","I think they made this choice in order to improve their chances of winning a higher amount. ",1,1,1,"Never","Monopoly",0,"Female","Female",TRUE,31,31,TRUE,5.30243666666672,0.942267583333402,18.8550000020768,17.20075,"None"
90,"instructions","LDB6","B","B",90,"B","B",FALSE,FALSE,TRUE,2,1,1,0,0,1,1,1,1,1,0,0.73,"More money in option B",0.62,"They might think the same",0.15,"That is the biggest payout",TRUE,0.29,"No, the probability is low and they were probably going for the higher amount","Worth taking the gamble for the higher amount",0.15,0.71,1,"Never","I don't know",0,"Female","Female",TRUE,47,47,TRUE,5.42335416666658,0.104755666666703,118792.765000006,17.53935,"It went well and interesting to see how other people would react"
91,"results","LSB0","B","B",13,"B","B",TRUE,FALSE,TRUE,2,1,1,0,1,2,1,1,1,1,0,0.7,"More chance of equal pay which is fair.",0.7,"Hopefully they think similarly to me.",0.2,"They get more money.",TRUE,0.6,"Guess, not sure.","It's the better choice for both participants together.",1,1,1,"Never","I don't know",0,"Male","Male",TRUE,26,26,TRUE,2.47095308333332,0.796319250000005,240030.84,27.64235,"Interesting game, I enjoyed it."
92,"none","HDB6","B","B",74,"B","B",FALSE,FALSE,TRUE,2,1,1,1,0,3,1,1,1,1,0,0.5,"I don't know how they will react",0.51,"I hope the other participent would trust a 50/50 split",0.01,"they would clearly see an oppurtunity to make more money ",TRUE,0.42,"If he saw my b answer he may have chose to earn 70p over 50p","he wanted to split to be kind ",1,0.9,1,"Never","I don't know",0,"Male","Male",TRUE,20,20,TRUE,1.17293216666828,0.10178166666689,109594.724999974,16.6575333333333,"no "
93,"none","HSA1","A","A",66,"A","A",TRUE,TRUE,TRUE,2,1,0,1,1,4,1,1,1,1,0,0.87,"Its the best way to get the highest bonus",0.91,"Its the best way to get the highest bonus",0.88,"Its fair",TRUE,0.45,"Im not sure but think they did and that they acted fairly","To be fair and get the best overall benefit",0.99,0.98,2,"Once","I don't know",0,"Female","Female",TRUE,38,38,TRUE,0.833081499999388,0.71981716666681,109.844999853522,16.8235666666667,"none"
94,"none","LSB6","B","B",14,"B","B",FALSE,FALSE,TRUE,2,1,1,0,1,2,1,1,1,1,0,0.23,"The other participant is more likely to receive a greater reward by choosing this option.",0.27,"The other participant doesn't know me and therefore has no reason to trust me not to choose the option that would bear me the greatest reward.",0.27,"Seeing my choice may make the other participant trust that I would go for an option that wouldn't penalise them as much and therefore do the same.",TRUE,0.5,"The other participant may have been as trusting as me and trusted me to also choose the option that would get us both the highest reward although, equally, they may have chosen A, thinking I would do the same and changed their mind.","They may have made this choice because they thought that I would also go for this option, meaning we both get a higher reward.",1,0.92,3,"A few times","Prisoner's Dilemma",1,"Female","Female",TRUE,37,37,TRUE,1.49938991666666,0.0837580000000055,48.0250000000233,13.6627166666667,"No issues. I enjoyed the study."
95,"none","LSA2","A","A",NA,"A","A",FALSE,FALSE,FALSE,2,1,0,0,1,2,1,1,1,1,0,0.4,"In similar studies others have chosen the choice that is most beneficial to them, although i'd like to stay optimistic.",0.5,"it's difficult to tell what the other person will guess since it would be based on their experiences and personality that would dictate what they think i chose.",0.6,"i'd like to think that they'd feel guilty if they had already chosen option b and that they'd stay with option #a if they had already chosen it.",TRUE,0.5,"either way if they detected my choice or not there's no telling if the person would take advantage of it or not.
","As they wanted us to both gain the most amount.",1,1,3,"A few times","I don't know",0,"Male","Male",TRUE,18,18,TRUE,0.34845483333338,0.0566007500009922,22.9650000110269,11.1296,""
96,"results","LDA0","A","A",123,"B","B",FALSE,FALSE,TRUE,2,1,0,0,0,1,1,1,0,0,0,0.5,"I DONT KNOW, AS I DONT KNOW THE PERSON",0.98,"MAYBE SO WE COULD BOTH WALK AWAY WITH SOMETHING",0.46,"hopefully keep so we both have something
",TRUE,0.93,"they probably wanted all of it so picked the highest for them.","they wanted the money",0,1,1,"Never","I don't know",0,"Female","Female",TRUE,52,52,TRUE,1.31193516666669,0.140466583333302,240029.23,18.7321666666667,"not sure as to why you needed my birthday when you had my age"
97,"none","HDBN1","B","B",100,"B","B",FALSE,FALSE,TRUE,2,2,1,1,0,3,1,1,1,1,0,0.8,"If he's smart, he'll choose B. It's better if we both get 50 cents than if one gets more than the other.",0.8,"He's thinking the same thing I'm thinking. ",0,"If they chose B, they would be losing money. ",TRUE,0.49,"I don't know and have no way of knowing. ","They made their choice because they're smart.",1,1,3,"A few times","Monopoly",0,"Male","Male",TRUE,20,20,TRUE,4.45137991666682,0.0748089166666128,54674.4550000003,15.5309666666667,""
98,"results","HDA5","B","B",NA,"A","A",FALSE,FALSE,FALSE,2,1,0,1,0,3,0,0,1,1,0,0.64,"I think most people will tend towards picking the more ""passive"" option and choose A",0.69,"I think most people will also assume the same thing that I did and decide to split the money instead of being greedy",0.25,"They will most likely pick B as that will make them more money",TRUE,0.01,"If they saw my choice it would be in their interest to switch to option B","They assumed that I would be likely to pick A as that is the ""fairest"" option and results in the greatest total reward being given out",0,0,1,"Never","I don't know",0,"Male","Male",TRUE,19,19,TRUE,5.22869350000002,0.0551460000000603,240022.110000002,16.3041166666667,""
99,"none","HDA1","A","A",NA,"B","B",FALSE,FALSE,FALSE,2,1,0,1,0,3,1,1,0,0,0,0.5,"I can't read minds so I went with 50/50",0.5,"He she doesn't know so I'm guessing he put 50/50 too
",1,"that way it is fairer",TRUE,0.5,"I don't know","they wanted more money",0,1,2,"Once","I don't know",0,"Female","Female",TRUE,28,28,TRUE,2.67878541666675,0.0655146666666648,20039.5549999957,16.4458333333333,"none"
100,"none","HDBN1","B","B",97,"B","B",FALSE,FALSE,TRUE,2,2,1,1,0,3,1,1,1,1,0,0.24,"i chose a predomaltly on the 50 50 chance",0.52,"i think they would be thinking i would go opposite to there choice ",0.48,"based on us both getting the best bonus from the survey",TRUE,0.58,"i was unable to see there choice so i feel the 50 50 chance led them being able to see mine","so we both ended up with a equal bonus pay",0.82,0.77,3,"A few times","I don't know",0,"Male","Male",TRUE,26,26,TRUE,0.716807416666658,0.198325916666603,33.7699999946635,22.0104333333333,"none but maybe when you get the questions wrong and have to redo leave the ones that are correct marked so dont have to redo every 1 "
101,"instructions","HDA7","A","B",39,"B","B",TRUE,FALSE,TRUE,2,1,0,1,0,3,1,0,0,0,1,0.52,"both make the same money",0.53,"both make the same",0.8,"fairness",TRUE,0.48,"no clue","so i would receive more reward",1,1,2,"Once","Money Game",0,"Female","Female",TRUE,27,27,TRUE,5.16973458333333,0.211677750000003,134012.165,15.6724166666667,""
102,"results","LSB4","A","A",35,"B","B",FALSE,FALSE,TRUE,2,1,1,0,1,2,0,0,1,1,0,0.33,"I feel like you would earn more with choosing A therefore there is a risk to the game but A might be better ",0.72,"If we both choose B then we both make the same amount of money 50/50",0.15,"They might want to to earn .20 rather than the .10",TRUE,0.2,"I dont think they did because otherwise they would probably have wanted more","I think the other participant was being a really nice person because if we both chose B then we would both end up with 50/50. However, I ended up wanting to take the risk and see what would happen if I chose  ",0.76,0.77,1,"Never","I don't know",0,"Female","Female",TRUE,25,25,TRUE,0.680962583333408,0.0815675833335263,240156.58499999,17.9699,"I really enjoyed this game! I promise I'm a much nicer person but I just wanted to have fun with this game "
103,"none","HSB4","A","A",11,"B","B",TRUE,FALSE,TRUE,2,1,1,1,1,4,0,0,1,1,0,0,"First option so likely to draw most attention",0,"First option so most likely to choose",1,"Opposites look nice in pairs and bonus paid",TRUE,0,"They would choose A to maximise bonus","Maximum sum of bonus payment",1,0,1,"Never","I don't know",0,"Male","Male",TRUE,18,18,TRUE,0.200555833333298,0.18841058333334,24.0100000010571,11.3044833333333,""
104,"none","HDA4","A","A",104,"A","A",FALSE,FALSE,TRUE,2,1,0,1,0,3,1,1,1,1,0,0.94,"i think they will start with A as it comes first in alphabet",0.87,"A",0.02,"they will choose B as it has a higher reward",FALSE,0.92,"to see if they can make more money if they change their pick","to earn more money for both of us",0.47,0.52,2,"Once","I don't know",0,"Female","Female",TRUE,43,43,TRUE,0.393235583333325,0.0840527499999852,40.704999999376,21.8147833333333,"no"
105,"results","LDB0","B","B",NA,"B","B",FALSE,FALSE,FALSE,2,1,1,0,0,1,1,1,1,1,0,0.79,"It ensures a maximum profit for both of us",0.77,"It makes sense to take a 20p hit to ensure 30p gain on the double A answer",0.27,"It ensures their higest possible profit",TRUE,0.81,"The sum reward was greatest for chosing B","It places trust in me that I understand we both are certain to recieve a higher reward than if i were to risk getting the top prize",0.77,0.8,3,"A few times","I don't know",0,"Male","Male",TRUE,21,21,TRUE,5.37651116666675,0.0792183333338472,240043.09500003,18.7726833333333,""
106,"results","LDA7","A","A",NA,"A","A",FALSE,FALSE,FALSE,2,1,0,0,0,1,1,1,1,1,0,0.33,"I feel the participant is going to want the higher amount of money.",0.08,"The other participant will also probably assume I want the higher amount of money.",0.84,"That way, we can both get a good amount of money.",TRUE,0.1,"I think we both would assume that the other would want more money, so we would both be silly to go with option B, as we would then both get less money than if we both go for option A. So then we both go for option A. It makes more sense than going for option B when both parties are likely money motivated. ","For the same reasons outlined in my previous answer - I think we both concluded that in a money motivated study, it would not make sense for either of us to pick B, as we will likely both pick B. So the only sensible solution was to both pick A, as it means that we both get a decent bonus. ",0.97,0.96,1,"Never","I don't know",0,"Other","Female",FALSE,20,20,TRUE,5.29530458333333,0.0689375833333237,240013.24,19.1071166666667,"N/A. "
107,"none","HSA2","A","B",19,"A","B",TRUE,TRUE,TRUE,2,1,0,1,1,4,1,0,1,0,1,0.9,"Choosing A guarantees a win of 0.50; choosing B means there is a high chance of earning less money.",0.9,"They would expect me to maximise my chances of winning 0.50.",0.16,"To maximise their winnings.",TRUE,0.9,"They initially chose A, then changed to B","To increase their winnings.",0.51,0.88,2,"Once","I don't know",0,"Male","Male",TRUE,46,46,TRUE,0.642448333334565,0.888385833332237,69.1249999217689,12.3800666666667,""
108,"none","LDA1","B","B",9,"B","B",FALSE,FALSE,TRUE,2,1,0,0,0,1,0,0,0,0,0,0.65,"A is a safe bet at this point",0.76,"May go for A too, safe bet, equal money to start",0.72,"Still A, not a gambler",TRUE,0.47,"Im not sure, starting to get a bit lost, we both chose B","a better chance of higher gains?",0,0,1,"Never","I don't know",0,"Male","Male",TRUE,46,46,TRUE,2.18929608333322,0.689687833333303,49.8499999956694,29.5895,"Struggled a bit with it, could possible have be better explained."
109,"none","HDA2","A","B",24,"B","B",TRUE,FALSE,TRUE,2,1,0,1,0,3,1,0,0,0,1,0.39,"I'm not sure but think slightly more people will try and go for the highest bonus.",0.27,"People expect the worst of others!",0.74,"Once they know I've been fair, they're more likely to follow suit.",TRUE,0,"I chose A so they would have done the same to maximise both our profits. ","They just went for the highest possible bonus. ",1,1,1,"Never","I don't know",0,"Female","Female",TRUE,35,35,TRUE,0.200937916664407,0.454995250003412,73.755000019446,8.78303333333333,"Fun study! "
110,"instructions","HDB7","B","A",25,"A","B",TRUE,FALSE,TRUE,2,1,1,1,0,3,1,0,0,1,1,0.3,"When my choice wasn't revealed, they should be confident in the fact that I chose B.",0.49,"Based on the reveal, I think that I would be seen as choosing B.",0.91,"This isn't really applicable since I chose B.",FALSE,0.86,"The other participant saw my choice of B and changed to B to match mine in order to ensure equal rewards.","They probably saw my B choice and switched to B, wanting to co-operate. I saw their A choice before they switched, so I switched to A thinking that they would only choose A.",0.8,0.63,2,"Once","Trust Game",0,"Male","Male",TRUE,31,31,TRUE,5.15434824999998,0.191841333333287,197817.889999991,16.5757333333333,""
111,"results","LDA6","B","B",NA,"A","A",FALSE,FALSE,FALSE,2,1,0,0,0,1,0,0,1,1,0,0,"its the clear choice, no reason to trust the other person.",0.14,"they have no reason to trust me",0,"they wouldnt want to give me more",TRUE,0,"they would have chosen b","they had faith that the other person would be nice
",1,0,3,"A few times","I don't know",0,"Male","Male",TRUE,19,19,TRUE,6.01680758333143,0.0769320000040655,240036.435000133,21.7855333333333,"no issues except delays"
112,"none","LDB2","A","A",116,"B","A",FALSE,TRUE,TRUE,2,1,1,0,0,1,0,0,1,0,0,0.3,"I think A as they probably want a higher reward",0.14,"they probably think i want more money so A",0.09,"A so that they get 20 instead of 10",TRUE,0.46,"No because I chose A","So that we could both get a decent reward",0.38,0.71,1,"Never","I don't know",0,"Female","Female",TRUE,18,18,TRUE,0.204640833333057,0.0564580000005662,15517.269999953,11.7854166666667,"no"
113,"none","HDAN2","A","A",113,"A","A",FALSE,FALSE,TRUE,2,2,0,1,0,3,1,1,1,1,0,0.4,"I am unsure but if I had to choose one or the other, I would say B, so I only slightly favor B.",0.77,"I think they would think A would be better for both of us.",0.9,"A is better for both of us.",FALSE,0.63,"They saw that I chose A so they decided to reward me by choosing A too.","They wanted to be nice and choose A.",0.98,0.71,1,"Never","Prisoner's Dilemma",1,"Male",NA,NA,71,71,TRUE,2.89661666666667,0.0558333333333333,6816,12.4272166666667,"Are you going to let us know the results??"
114,"none","HSB2","B","B",34,"B","B",FALSE,TRUE,TRUE,2,1,1,1,1,4,1,1,1,1,0,0.69,"I think the other participant would also make the choice of B because this way we both make the same high incentive of 50 pence each summing up to a pound. ",0.73,"If he has the interest of himself and that of his fellow participant he would go for B. Although he might be willing to play a fast one and choose A in other to get the 70 pence incentive.",0.41,"We are all humans with insatiable wants, if my choice is revealed to him as B, he might go for A to secure the higher incentive. However, people are different. He/She might see my point of view and select B aswell.",TRUE,0.05,"I believe the participant to be as smart as I am. summing up the incentives to make a win-win for bot of us.","They probably did it to obtain the best incentive for both of us",0.79,0.72,2,"Once","I don't know",0,"Male","Male",TRUE,25,25,TRUE,0.583732083335053,0.15664533333232,38.2600000593811,23.3365333333333,"Everything worked out fine"
115,"none","LSB2","A","A",115,"B","A",FALSE,TRUE,TRUE,2,1,1,0,1,2,0,0,1,0,0,0.14,"feel like its a better option money wise ",0.19,"A",0.12,"because its more than if they select b ",TRUE,0.86,"because choosing A is the best option for money so they probably assumed i would pick that and picking B would not be beneficial to them at all ","because A is the better option and i think people are unlikley to pick B ",0.99,0.99,3,"A few times","Trust Game",0,"Female","Female",TRUE,25,25,TRUE,0.16694400000027,0.16591283333352,43920.4750000208,17.0191333333333,""
116,"none","LDB2","B","A",112,"A","A",TRUE,FALSE,TRUE,2,1,1,0,0,1,1,0,0,0,1,0.7,"The average amount to win is higher by picking B",0.7,"The average chance to win more is higher with B",0.35,"They win more",FALSE,0,"They had no idea what i was thinking","There was a chance they could earn the highest if I had not won the RNG and seen it was A",1,1,1,"Never","I don't know",0,"Male","Male",TRUE,25,25,TRUE,2.89030875,0.438709333333335,29.875,10.8859,""
117,"none","HDA0","A","B",3,"B","B",TRUE,FALSE,TRUE,2,1,0,1,0,3,1,0,0,0,1,0.76,"The risk benefit of securing 50p is greater if you choose A",0.75,"Again the benefit is more secure by choosing A",0.15,"As they would be able to gain more this way",TRUE,0,"If I chose A first then it was stated my answer would not be revealed, they were willing to take the risk to steal the higher reward ","They took the risk for the higher reward, they had calculated that I would perhaps take A as the safe option and by them taking B they would get a greater reward. ",1,1,1,"Never","I don't know",0,"Male","Male",TRUE,34,34,TRUE,3.0750583333332,0.272227000000808,30.3050000220537,13.6174833333333,""
118,"results","HDB5","B","B",60,"A","B",TRUE,TRUE,TRUE,2,1,1,1,0,3,1,1,0,1,0,0.9,"Both choosing B each time is the best way for us both to get the most money.",1,"As above",1,"Both choosing B is the best way for us both to get the most money",FALSE,0.67,"probably","greed",0.79,1,3,"A few times","Prisoner's Dilemma",1,"Male","Male",TRUE,26,26,TRUE,0.221693416666647,0.73031816666665,240038.295,14.3661,""
119,"none","LSB7","B","B",58,"B","B",TRUE,FALSE,TRUE,2,1,1,0,1,2,1,1,1,1,0,0.22,"people are more likly to go for the high money option",0.84,"bc they want the extra money",0.94,"low risk of loosing",TRUE,0.71,"i think the other participant was told 100% of the time instead of 20% so you would be able to see the outcomes","we both win",0.96,0.53,3,"A few times","Trust Game",0,"Male","Male",TRUE,18,20,FALSE,0.286067500000003,0.448725166666665,6708.32500000007,17.8984833333333,"no"
120,"instructions","LDBN2","B","B",31,"A","A",FALSE,FALSE,TRUE,2,2,1,0,0,1,1,1,0,0,0,0.38,"I think the participant is more likely to choose A due to the higher stakes/win of that choice, however, they might also choose B for the motive of mutual benefit (why I personally chose B).",0.61,"I assume the participant thinks I chose the mutually beneficial option based on pure gut feeling more than anything else. ",0.26,"Me choosing B and them knowing this, they would be more likely to choose A as it benefits them more. ",TRUE,0.37,"I don't know how they would detect my initial choice. I would assume they gambled for the bigger win on their part.","I think (as I said before), they assumed I would go for the mutually beneficial option and so profitted from that GUESS. ",0.15,0.73,1,"Never","I don't know",0,"Female","Female",TRUE,20,20,TRUE,5.147681,0.082675000000002,17.9099999995669,14.8333833333333,"N/A"
121,"none","LDA3","A","A",40,"A","A",FALSE,FALSE,TRUE,2,1,0,0,0,1,1,1,1,1,0,0.41,"Because I think that they will think I'm picking A",0.79,"Even rewards",0.77,"Equal reward",FALSE,0.61,"They'd have received 40p less","Equal amount of money",0.71,0.7,2,"Once","Prisoner's Dilemma",1,"Male","Male",TRUE,24,24,TRUE,2.79759341666553,0.0794546666671522,28485.6549999677,16.7655,""
122,"results","LSA0","B","B",65,"B","B",FALSE,FALSE,TRUE,2,1,0,0,1,2,0,0,0,0,0,0.26,"A chance for more money and the money amount is small anyway",0.36,"Chance for more money and the money amount is small after all",0.4,"To prevent me from getting more",TRUE,0.2,"The chance is 20% yes, so I chose 20% yes","So they could have the chance for more money",0.2,0.11,1,"Never","I don't know",0,"Male","Male",TRUE,35,35,TRUE,0.453486749999985,0.0914559166667458,240634.65,19.9701666666667,""
123,"results","LDA0","B","B",96,"B","B",FALSE,FALSE,TRUE,2,1,0,0,0,1,0,0,0,0,0,0.42,"I think the other participant will try to maximize their earnings. ",0.57,"They may believe that I think we should equally share the money. ",0.09,"They would get .10 more. ",TRUE,0.63,"They could've potentially wanted to increase their earnings if they'd originally chosen option A. ","If you choose B, you still earn more in the ""worst case scenario"" than you do if you choose A. If you choose A, you only receive .10 in the worst case scenario. If you choose B, you receive .20. ",0.27,0.2,3,"A few times","Prisoner's Dilemma",1,"Female","Female",TRUE,21,21,TRUE,5.41966058333333,0.0788222500000013,240162.365,20.41095,""
124,"instructions","LSA3","A","B",NA,"B","A",TRUE,TRUE,FALSE,2,1,0,0,1,2,1,0,0,1,1,0.12,"I think they will pick B to get more money on the first go",0.15,"For the same reason, that they will think I have gone for the higher monitary value ",0.08,"They will have seen I picked choice A and then will pick B to get the higher value",FALSE,0.86,"I assume that they also saw my answer was A therefore I was willing to 'split' the winnings so felt bad for iniially chosing B and switched to A. I changed from A to B because I was annoyed they went in with a selfish move to begin with","When their answer was revealed to me it was B and I chose A hoping that we would both get 50p. I am assuming they were shown my answer of A and therefore felt guilty and switched to A as well. However I had already changed my answer at this point based on their first choice (which was B)",0.64,0.72,1,"Never","I don't know",0,"Female","Female",TRUE,31,31,TRUE,5.43924350000003,0.55356833333335,229203.34,17.75885,"I enjoyed this survey a lot, was nice to do something different!"
125,"none","LSA6","A","A",85,"A","A",FALSE,FALSE,TRUE,2,1,0,0,1,2,1,1,1,1,0,0.3,"I believe they'll hope I'm going for A and they'll go for A so we get the same amount, so they'll go B and get more.",0.97,"I think they'll hope I go A with the idea of both going A to get the same amount of money. But if they go B they'll get the most money.",0,"If they choose B, they will get the most money from any of the options.",TRUE,0,"No because if they did they would have changed their choice to B to optimise their bonus.","On the same ideology as myself, if we both go with A then we both get the second highest bonus. ",0.1,0.1,1,"Never","I don't know",0,"Female","Female",TRUE,22,22,TRUE,0.45441,0.144696666666668,35101.8,12.9634666666667,"No issues "
126,"none","HDB1","B","B",8,"B","B",FALSE,FALSE,TRUE,2,1,1,1,0,3,1,1,1,1,0,0.13,"They may go for the high reward option. ",0.66,"they are thinking I might pick B to maximise the possiblity that we both get 0.5 and also because it is a lower chance that my choice will be detected by them. ",0.06,"If they have chosen A to begin with, continuing with that choice given they think I chose B maximises their return.",TRUE,0.07,"if they did they could have selected A instead of going with B. ","They probably decided choosing B meant we could both get 0.5, and it was less likely their choice could be detected. ",0.97,0.98,2,"Once","Prisoner's Dilemma",1,"Male","Male",TRUE,34,35,TRUE,0.343513666666667,0.0938525833333338,30.4550000000745,8.8563,"No, this was straightforward."
127,"none","LSB5","B","B",48,"B","B",FALSE,FALSE,TRUE,2,1,1,0,1,2,1,1,1,1,0,0.1,"I have chosen Option B in the hope that the other participant has made the same choice, so that we both get an equal reward. I have a feeling they may have gambled on me choosing B for this reason, and gone for Option A where they get a higher payout.",0.76,"I think they may feel that choosing Option B would be the safest option so we both get an equal reward. ",0,"I think if they found out my choice, they would either stick with A or change to A as they would get a higher payout.",TRUE,0.04,"I think if they had detected my choice of B they would have changed their initial answer to mean they got the highest payout. If they had already selected B then found out I chose B too, they could have changed their choice to A and got a higher payout.","Maybe they had the same thought as me, and thought it was the safest way of getting an equal payout if there was trust in the other participant that they might do the same. It seemed to me the fairest thing to do, and maybe they thought so too.",1,1,1,"Never","I don't know",0,"Female","Female",TRUE,25,25,TRUE,1.37448758333533,0.052947250000822,233967.189999996,18.50305,"I didn't experience any issues. Thank you this was really interesting, and I definitely think I need to trust people more rather than assuming the worst! Thank you"
128,"results","HSA3","A","A",NA,"B","B",TRUE,FALSE,FALSE,2,1,0,1,1,4,1,1,0,0,0,0.69,"Primacy effect",0.67,"Primacy effect",0.59,"Primacy effect",FALSE,0.61,"because they received a bigger bonus","because most people may choose A first",0.27,0.54,1,"Never","I don't know",0,"Female","Female",TRUE,32,32,TRUE,5.23789533333328,0.265991416666657,240105.475000004,15.1044333333333,"no"
129,"results","HSB5","B","B",38,"B","A",TRUE,TRUE,TRUE,2,1,1,1,1,4,1,1,1,0,0,0.74,"To me is seems beneficial to cooperate and choose b each time so both can maximix the payout, risk is someone who is thinking that and trying to maximize their own.",0.84,"Same reason as pervious, are they trying to psych me out.",1,"50 is better than 10",TRUE,1,"They tried to optimize their reward at my expense","They tried to optimize their reward at my expense.",0,0.65,1,"Never","I don't know",0,"Male","Male",TRUE,39,39,TRUE,0.255135916666283,0.198770249999748,240187.974999892,53.6777333333333,"worked well"
